benchmark_label,context_bucket,mean_tokens_per_sec,std_tokens_per_sec,mean_speedup_vs_ar,n_rows
spec_fp16,medium,108.08935283494013,25.245362225350963,0.6254502023660422,18
spec_quant_memonly,medium,76.05214099984421,37.87908689995577,0.44007604552566243,54
spec_sparse,medium,55.08837437991812,11.808890320744364,0.31877377230376397,54
spec_sparse_quant_memonly,medium,33.352493835457565,13.0239376789158,0.1929936245240335,162
spec_fp16,short,108.02262313301907,24.41605650329562,0.6297411578500393,135
spec_quant_memonly,short,75.79745379961469,37.605899009099986,0.4418659937235527,405
spec_sparse,short,57.158598410567095,12.579559236998767,0.3332630412465758,405
spec_sparse_quant_memonly,short,34.08059821053352,13.514830243326928,0.1987071047835721,1215
