spec_k,n,mean_actual_ratio,mean_theoretical,mean_overhead_ratio,median_overhead_ratio
1,51,0.4468431460804282,1.0,0.4468431460804282,0.44620981030902085
3,51,0.6566373220465317,0.9825744378115505,0.6689415044057161,0.664442201957484
7,51,0.7842285505464528,0.9412792771847943,0.8557371557608698,0.8009530826335365
