spec_k,n,mean_actual_ratio,mean_theoretical,mean_overhead_ratio,median_overhead_ratio
1,100,0.44988147142012336,1.0,0.44988147142012336,0.449878089760988
3,100,0.6717446442627452,1.0,0.6717446442627452,0.6665223745801375
5,100,0.770070031363051,0.9977359337576975,0.771830974521663,0.7645271647829348
7,100,0.8100212926854303,0.997973723936291,0.8117980890725732,0.8051037758611459
