benchmark_label,mean_effective_compression,std_effective_compression,mean_tokens_per_sec,n
spec_fp16,1.0,0.0,108.03047368618626,153
spec_quant_memonly,2.066607260186188,0.9003682402672479,75.82741699964168,459
spec_sparse,6.979952882416053,5.3011109298813315,56.91504264225545,459
spec_sparse_quant_memonly,14.387545253392549,13.422335916627448,33.994938872289296,1377
