benchmark_label,mean_effective_compression,std_effective_compression,mean_tokens_per_sec,n
spec_fp16,1.0,0.0,38.70264003344058,400
spec_quant_memonly,2.066650004873981,0.8997587174209517,24.258980733302906,1200
spec_sparse,7.021050731619067,7.034629118065264,16.205988449698193,1200
spec_sparse_quant_memonly,14.503162884688214,17.046920415500722,11.309762778191741,3600
